title,date,comment_count,content_size
"Кончаловский о фильме 'На Луне', мажорах и конфликтах в казахстанском кинематографе","сегодня, 09:05",,4854
"'Вчера все покупали тюльпаны, а надо было доллары'","сегодня, 08:37",7,2340
Меры по коронавирусу в нашей стране сильно напоминают показуху,"08 марта 2020, 11:58",48,4972
Почему заниматься переработкой выгодно и когда в стране исчезнет весь мусор,"05 марта 2020, 11:00",16,11963
"От них уходят мужья, к более домашним - о женщинах в медицине","04 марта 2020, 10:49",20,4895
"'Сегодня тебя любят, завтра камнями закидают'. Альмира Турсын - о роли коучинга в ее жизни","04 марта 2020, 08:59",38,11582
"Нариман Мукушев: Мы социальное министерство, и обратная связь для нас очень важна","03 марта 2020, 09:58",5,5614
'Мы наблюдаем рост казахоязычного контента'. Зачем 'ВКонтакте' пришла в Казахстан,"02 марта 2020, 09:39",11,2509
'Получу прибыль и выйду'.  Как не стать жертвой финансовой пирамиды,"28 февраля 2020, 09:11",8,7314
Почему казахстанцы не спешат идти в ЗАГС,"27 февраля 2020, 08:34",59,5067
"Кодекс о том, как работать медикам, а казахстанцам жить в здравии","25 февраля 2020, 18:16",5,1654
Педагог мәртебесін педагог өзі көтереді,"25 февраля 2020, 14:42",1,7703
"'Не запрещено, но и не разрешено'. Почему казахстанцы выбирают дистанционное школьное образование?","25 февраля 2020, 08:30",11,10838
"Должно ли милосердие выпячиваться, рекламироваться?","24 февраля 2020, 17:08",16,698
Қазақ отбасына келін болып түскен қар тазалаушы неге жылағысы келеді?,"24 февраля 2020, 10:55",19,4131
Волнения в Зайсане и 2 миллиарда на коронавирус. Мы позвонили Биртанову,"22 февраля 2020, 12:12",45,9079
Что считалось в степи признаком 'неописуенной' красоты? Ни за что не угадаете,"21 февраля 2020, 14:39",29,11808
"'Прогулял школу, спустил деньги на автоматах'. Чем опасна игровая зависимость у детей?","21 февраля 2020, 08:21",13,10836
Моя пенсия вышла чуть больше 73 тысяч тенге. Грустно и обидно,"19 февраля 2020, 14:56",45,3629
"'Пригласили работать няней, а стала проституткой'. Как живут рабы в Казахстане","19 февраля 2020, 08:43",,6974
День рождения Абая предложили сделать государственным праздником в Казахстане,"18 февраля 2020, 10:07",55,7487
"'Друг, племянник, зять, брат, дочь друга' - о системе 'агашек'","17 февраля 2020, 13:22",19,3216
'Ы-иииии!'. Как говорят казахские животные,"14 февраля 2020, 14:29",12,6713
"'Я думала, это затянувшаяся простуда'. Как в Казахстане бесплатно лечат гепатит С","14 февраля 2020, 08:33",25,20626
О первой женщине страны,"12 февраля 2020, 14:20",8,1646
"'Государство никогда так не беспокоилось о моем здоровье, как после возвращения из Китая'","11 февраля 2020, 14:25",9,5945
"Про Кордай и все, что с ним связано","10 февраля 2020, 12:05",80,9625
Каких животных казахи не использовали в хозяйстве. Об обычае бәсіре,"07 февраля 2020, 15:34",9,8228
Всходит солнце над времянкой. Год назад в столице Казахстана погибли пять сестер,"04 февраля 2020, 14:16",18,5913
Почему у казахов не было тюрем? Мнение юриста,"03 февраля 2020, 18:52",13,16948
"В Нур-Султане живет охранник Михаил, который всем напоминает Галустяна","31 января 2020, 11:01",60,6741
"Как спастись от коронавируса? ​Мужики, поговорите со своими женами","30 января 2020, 18:46",27,9550
У казахов была добрая традиция - 'ерулік'.  С чем ее можно сравнить?,"30 января 2020, 15:10",14,10771
Бедные казахстанцы большую часть своих денег тратят на газировку - исследование,"29 января 2020, 20:10",70,8087
"Их нельзя сравнивать, но очень хочется: Алматы и Нур-Султан","28 января 2020, 09:00",70,11023
Два добрых дела в одном пакете,"27 января 2020, 10:00",25,10154
"В снегопад сплю по 2 часа. Заместитель акима Нур-Султана о свадьбе, Instagram и окраинах столицы","25 января 2020, 15:24",121,5656
"Ашимжан Ахметов: гражданин, личность","25 января 2020, 08:24",7,10978
Парадокс доктора Рафальского,"24 января 2020, 09:03",5,9092
Самый казахский японец. Профессор из Токио изучает странствия казахских батыров,"23 января 2020, 14:45",,4809
"В степи было заведено помогать бедным, звать их в гости 'на перекус'","22 января 2020, 12:07",9,8846
У Казахстана есть Надежда. Живет она на окраине столицы,"21 января 2020, 18:55",31,7280
'Я ваш калькулятор'. Второклассница из Нур-Султана любит покер и решает задачи за 5 класс,"16 января 2020, 19:28",19,5617
Зачем казахстанцев напугали подорожанием жилья? Эксперты рассказали о рынке недвижимости,"16 января 2020, 10:46",29,4395
'Вместе с гостем в дом приходит благодать'. Как казахи гостей принимали,"15 января 2020, 13:26",5,12305
"Самый японский казах. Родился в Синьцзяне, добился успехов в Токио, мечтает о Казахстане","15 января 2020, 11:51",63,7676
Электроэнергетика Казахстана готовится к большому прыжку,"14 января 2020, 16:00",18,9866
"'Меган Маркл смогла съехать от енешки, и ты сможешь'","13 января 2020, 18:01",18,2662
Трехлетнего ребенка в садике учат мыть пол. Казахский ученый о жизни в Японии,"10 января 2020, 17:01",48,8361
Вся экстренная медпомощь оказывается бесплатно. Репортаж из больниц Нур-Султана,"10 января 2020, 10:00",6,5339
'Гульдала заканчивается - город начинается'. Как живет поселок у взлетной полосы,"10 января 2020, 08:27",22,9514
Малыш впал в кому после инъекции... Виноваты мы все,"09 января 2020, 19:11",20,2155
"Для казахов особенное значение имеют цифры 2, 3, 4, 7 и 9. Почему именно они?","08 января 2020, 13:57",10,11106
"Их нельзя сравнивать, но очень хочется: туалеты в Казахстане и Японии","05 января 2020, 14:44",96,4137
Чем казахам вторник не угодил?,"05 января 2020, 12:10",11,15135
Чем гордится и о чем жалеет юный певец? Ержан Максим об итогах 2019 года,"31 декабря 2019, 11:11",13,1002
'Не надо путать свой карман с государственным'. Большое интервью с Бердибеком Сапарбаевым,"31 декабря 2019, 07:45",132,14920
Манкуртизм как метафора эпохи,"31 декабря 2019, 07:09",31,19965
Отходы превращаются в миллионы на предприятии 'Экошина',"30 декабря 2019, 19:00",1,9390
У Инжу теперь свой домик. Вы следили за их судьбой весь год,"30 декабря 2019, 13:24",,8743
"Кто хвалит тебя, будет хвалить и другого. 5 советов молодым начальникам","30 декабря 2019, 11:18",8,1701
"Самое большое впечатление после авиакатастрофы - люди. Наши люди, алматинцы","29 декабря 2019, 11:47",21,1985
"Врачи - злодеи, продающие органы? Об истерии по кодексу","25 декабря 2019, 17:36",17,7021
7 лет со дня крушения Ан-72. Сын погибшего главы Погранслужбы рассказал свою версию,"25 декабря 2019, 09:32",56,4038
"В Новый год без долгов? Пошаговая инструкция, как закрыть кредиты","24 декабря 2019, 08:35",40,7361
Врач рассказала о современных методах лечения ВИЧ в Казахстане,"23 декабря 2019, 11:54",2,12475
Это его вечеринка. Житель Павлодара устраивает удивительные посиделки,"20 декабря 2019, 13:00",25,6665
Как у министра 'девятка' всплыла. Интервью с Аскаром Жумагалиевым,"20 декабря 2019, 08:08",15,13150
Как найти себя в системе медстрахования?,"18 декабря 2019, 18:30",13,4310
Что нельзя делать казаху. О казахских приметах. Часть III,"18 декабря 2019, 15:51",15,11560
"Послу Франции подарили в Казахстане дорогие часы, но он не смог их принять","18 декабря 2019, 13:17",30,7021
Я хочу продать квартиру. Что нужно знать?,"17 декабря 2019, 19:40",34,5503
Должны ли казахи говорить на арабском,"13 декабря 2019, 11:38",78,7844
"Видеонаблюдение, безопасность и комфорт. Как живет самый умный город Казахстана - Smart Aqkol","13 декабря 2019, 10:07",8,7330
Как перестать быть охранником и начать петь. Русский парень исполняет казахские песни без акцента,"12 декабря 2019, 11:45",47,9026
'Лучше казните меня'. Последнее слово в суде вернувшихся из Сирии казахстанцев,"12 декабря 2019, 09:45",94,5760
"Не спи на закате, не свисти - в какие приметы верили казахи. Часть II","11 декабря 2019, 14:13",10,8458
Как электронный счет-фактура помогает бизнесу,"11 декабря 2019, 09:00",12,12825
"'Если начнем всех сажать, не с кем будет работать'. Почему так сложно победить коррупцию в Казахстане","10 декабря 2019, 19:06",131,8498
Чем занимается экс-глава Администрации Президента. Интервью с Асетом Исекешевым,"10 декабря 2019, 08:48",,12821
Как сохранить семью? Мы спросили у адвокатов по разводам,"09 декабря 2019, 08:11",31,9411
"Здесь люди молились. Павлодарская тюрьма, в которой больше нет заключенных","06 декабря 2019, 14:46",11,4739
"'А я пять месяцев, как аким'. Как Сагинтаев с населением встречался","06 декабря 2019, 11:00",12,4581
Хлопать дверьми - к нищете! В какие приметы верили казахи,"05 декабря 2019, 14:09",17,10198
Как неправильные телезамеры мешают развитию казахстанских СМИ,"05 декабря 2019, 10:51",27,5671
2050 год - без мяса? Сбудется ли мировой прогноз в Казахстане,"05 декабря 2019, 08:13",52,5638
"Им понадобится минута, чтобы попасть в вашу квартиру. Воры Нур-Султана","04 декабря 2019, 12:55",45,11048
"Он хотел в Сеул, а оказался в Лондоне. История нелегала, скучающего по Казахстану","04 декабря 2019, 08:22",23,10514
В чем суть нового иска Минюста по делу Стати,"03 декабря 2019, 18:39",4,4339
"Кто виноват в гибели мальчика из Нур-Султана, упавшего в открытый люк","29 ноября 2019, 15:26",50,12389
"Мы что, в Алеппо живем? Жители сонной деревни ищут встречи с Президентом","29 ноября 2019, 08:35",21,6476
Почему в Казахстане грязные туалеты?,"28 ноября 2019, 10:24",31,4949
Вся правда о 'Рамсторе',"27 ноября 2019, 17:00",7,2198
"Жизнь – бумеранг, или Как преодолеть мүшел жас","27 ноября 2019, 13:29",6,6196
Вместо гречки утиное филе с грушей. Кухня павлодарской тюрьмы превратилась в ресторан,"27 ноября 2019, 13:19",41,10623
"Он был бандитом и наркоманом. История россиянина, переехавшего в Алматы","26 ноября 2019, 16:47",33,8569
'Мне было стыдно' - об одном совещании с Назарбаевым,"26 ноября 2019, 11:55",18,4872
"5 'взрослых' спектаклей, на которые стоит сходить с подростком","25 ноября 2019, 12:10",1,4742
"Она пришла на каблуках, с прической и отказалась от своих детей. Шокирующие истории из Нур-Султана","22 ноября 2019, 16:03",38,7684
В школу в минус 30. Вы за отмену занятий?,"21 ноября 2019, 18:56",,2860
Правомерно ли изъятие земельного участка,"19 ноября 2019, 16:30",2,8766
'Вам нужно обратиться к психологу'. Заметки с выступления Лабковского в Алматы,"18 ноября 2019, 16:41",9,4997
"Как живет семья учительницы из Нур-Султана, которую поджег бывший муж","18 ноября 2019, 15:56",46,4782
Почему Стати судится с Казахстаном - часть 2. Облигации 'Тристана' и проект 'Зенит',"17 ноября 2019, 19:42",5,22109
Magnum объявил 'Год клиентомании',"15 ноября 2019, 13:00",16,6818
О нашем совковом способе решения всех проблем,"14 ноября 2019, 13:16",11,5607
Аким пообещал. Жизнь выпускницы детдома превратилась в ожидание,"12 ноября 2019, 18:09",59,9587
Почему казахи вечно опаздывают и никогда не дают прямого ответа на вопрос,"12 ноября 2019, 12:56",36,10745
'Я даю ребенку 58 тысяч тенге в месяц'. Как научить пользоваться деньгами? ,"12 ноября 2019, 08:20",41,15907
Почему Стати судится с Казахстаном,"11 ноября 2019, 13:43",13,13033
"'Искали то, чего нет в мире'. Вернувшихся из Сирии казахстанцев допросили в суде","11 ноября 2019, 08:33",95,5035
'А у нас 9-й этаж'. При землетрясении бежать или прятаться?,"08 ноября 2019, 08:24",19,5304
'Я употребляла 'соль'. В Нур-Султане приняли роды у наркозависимой девушки,"07 ноября 2019, 16:08",49,4742
'Соседи громко пьют чай'. О нашей привычке жаловаться,"07 ноября 2019, 10:39",27,4090
"Крути педали, пока плов не дали. Как девушка из Шымкента изменила свою жизнь","06 ноября 2019, 08:31",33,6744
Старые дома надежнее новых? Разрушаем 10 мифов о последствиях землетрясений в Алматы,"06 ноября 2019, 08:22",26,7122
"Путешествует босиком, живет на три доллара в день. Выходец из Казахстана побывал в 151 стране","05 ноября 2019, 13:05",31,8994
'Бизнес должен содержать себя сам'. Зампред EFC о введении платы за портал госзакупок,"04 ноября 2019, 15:00",10,8599
Злая это штука – зависть. Любой может подхватить,"04 ноября 2019, 13:59",,7014
"'Мой сын Бо, его настоящее имя - Болат'. Режиссер из США сняла фильм о казахстанском детдоме","01 ноября 2019, 08:35",11,8540
"Gucci, Dolce and Gabbana, Valentino. Talan Gallery открыл свои двери в Нур-Султане","31 октября 2019, 17:00",3,4197
"Зигфрид. Немец, который чтит свое шежире и говорит спасибо казахскому аулу","31 октября 2019, 13:50",47,8406
Перезапуск Pizza Hut: каким будет новый ресторан в Алматы,"30 октября 2019, 17:00",11,6214
"Пакеты, Темиртау и браконьеры. Первое интервью министра экологии","30 октября 2019, 10:28",24,17201
Будущее уже наступило. Что я думаю о книге Карима Масимова,"28 октября 2019, 15:03",2,2528
Сколько стоит прием у доктора Комаровского и как внуки 'убивают' бабушек,"28 октября 2019, 08:25",10,12656
Мухтар Ауэзов и экзистенциализм,"28 октября 2019, 08:05",2,7467
"Это как пит-стоп. Что происходит в Акорде, когда президенты удаляются на переговоры","25 октября 2019, 20:45",22,8203
​Со временем он становится 'хозяином' больницы - о плохих главврачах,"25 октября 2019, 15:24",8,4924
Какой город в Казахстане лидирует по количеству ДТП,"25 октября 2019, 08:32",34,647
Люди покидают Нур-Султан. Еще 55 человек собрали свои чемоданы,"24 октября 2019, 17:35",99,6891
Что хранили в своих делах казахстанские милиционеры 100 лет назад,"23 октября 2019, 14:05",4,3733
Как акиматы скрывают информацию о земельных участках и как ее получить,"23 октября 2019, 10:47",8,9828
Будто и не суд вовсе. Как выносят приговор преступникам в Швеции ,"23 октября 2019, 08:24",24,8851
Для катарского шейха он как сын. Невероятная история монгольского казаха,"22 октября 2019, 08:33",32,10427
Ицхак Адизес выступит с программой о менеджменте в Алматы,"21 октября 2019, 15:00",2,2200
Как Instagram привел казахстанца к работе с Disney и Nickelodeon,"21 октября 2019, 12:46",,3348
'За белых нам ничего не будет'. Какие преступления совершали в Казахстане 100 лет назад,"18 октября 2019, 18:43",19,4842
 Так кто же 'заказал' нашего министра?,"17 октября 2019, 13:20",19,5534
'Они хотят захватить легкие наших людей'. Как Биртанов и принцесса с электронными сигаретами боролись,"16 октября 2019, 20:18",17,5955
'40 лет он носил ее тетради'. История семьи учителей из сельской школы,"16 октября 2019, 14:15",13,7263
Особенности разминирования. Как казахстанские саперы очищали Ирак и Арысь,"16 октября 2019, 08:33",11,8869
​У хорошего моего знакомого случилась беда - сын 'подсел' на наркотики,"15 октября 2019, 13:20",12,7667
Как казахи стали все родственниками. Часть III,"14 октября 2019, 16:33",6,7516
"Александр Пантыкин, 'Урфин Джюс': 'Я сам придумал бренд 'дедушка уральского рока'","11 октября 2019, 08:22",3,22868
Как Зеленский сделал меня популярной,"10 октября 2019, 15:47",25,1358
Алан Бурибаев: 'Дон Карлос' - исторический блокбастер на оперной сцене,"10 октября 2019, 13:52",1,10879
Серость какая-то. Что Назарбаеву и Токаеву не нравится в столице Казахстана,"09 октября 2019, 19:23",24,3793
'Без детей и питомцев'. Беспощадная аренда квартир в Казахстане,"09 октября 2019, 12:34",40,2635
"Разве человек не заслужил того, чтобы умереть, не мучаясь?","08 октября 2019, 16:00",14,2578
Посол Казахстана в Узбекистане: 'Наши страны тесно сплетены',"08 октября 2019, 15:05",9,13633
"Мулатка из Карабалыка. Родилась в Казахстане, жила в Конго, вышла замуж за шымкентца","08 октября 2019, 13:00",75,10127
Интернет-конференция с главой 'Казахтелекома',"07 октября 2019, 15:53",236,2133
"'Когда родители пьют, я прячусь в шкаф'. О чем дети рассказывают учителю","07 октября 2019, 15:24",10,6994
'Мы копим на образование детей'. Как откладывать на обучение ребенка?,"07 октября 2019, 08:17",25,13319
Как школьники вместе с министрами и акимами высаживали деревья,"04 октября 2019, 11:23",,6128
Никогда в Казахстане не ставили такую оперу. Как итальянец взял на себя большую ответственность,"04 октября 2019, 08:27",5,8948
Люди восклицают: 'Мә-ә-ә...' Александра очень хотела танцевать и в результате заговорила на казахском,"03 октября 2019, 16:54",30,4523
"'Я не смог открыть в банке депозит'. Вещи, о которых не задумываешься в обычной жизни","03 октября 2019, 08:32",10,4934
Он бросил престижную работу в нацкомпании и уехал в аул. История Александра из Нур-Султана,"02 октября 2019, 15:19",57,6488
Он видел Мао. В доме престарелых Нур-Султана живет пенсионер с интересной историей,"01 октября 2019, 18:40",18,5663
"'У каждого человека своя беда, своя трагедия' - об абортах","30 сентября 2019, 15:33",10,4465
ОСМС: как казахстанцы будут лечиться с 2020 года?,"30 сентября 2019, 10:54",11,9890
'Современных детей мотивируют поездки и скидки'. 3 лайфхака от учителя математики,"30 сентября 2019, 08:33",25,14927
Абай и Монтень,"29 сентября 2019, 12:11",6,15827
Первая космическая нянька. Талгат Мусабаев напомнил о событии 18-летней давности,"26 сентября 2019, 14:31",10,2875
О без вины виноватых врачах: Что происходит?,"25 сентября 2019, 20:19",27,3667
Сколько женщин-акимов в Казахстане?,"25 сентября 2019, 08:32",9,1340
Степь превратилась в жемчужину. В Нур-Султане снова обсуждали высокие смыслы,"24 сентября 2019, 18:54",13,6627
"Ролью в 'АЛЖИРе' хотела отдать дань моему казахскому народу, доброму и отзывчивому","24 сентября 2019, 16:14",15,25573
Серик-ага едет в Будапешт. Простой водитель из Нур-Султана с большими планами на жизнь,"24 сентября 2019, 08:37",15,6131
'Рядом с такими людьми хочется быть лучше'. В Алматы отметили юбилей Какимжана Казыбаева,"23 сентября 2019, 14:37",2,8568
Режиссер Ким Ки Дук: 'Многие в Казахстане живут двойной жизнью',"23 сентября 2019, 08:35",13,7119
Как я стал наркоманом,"22 сентября 2019, 10:20",53,9662
"Все, что производят сейчас 'звезды', – это яд. Яд, который проникает в мозг и души","21 сентября 2019, 12:48",,17481
"Нагрубили, избили, посадили врача – это сенсация. Спасли, сделали – это никому не интересно","20 сентября 2019, 18:40",16,4961
'Скорее бы вечер и спать'. Как распознать депрессию и спасти себе жизнь,"20 сентября 2019, 15:04",13,6214
"'Думаете, в Алматы все идеально?' Что сделает новый архитектор с Нур-Султаном","20 сентября 2019, 08:38",45,16577
"Автографы Шумахера, ДиКаприо и Мухаммеда Али. Как казахстанец коллекционирует подписи звезд","19 сентября 2019, 11:49",7,6893
'Квартиры за границей в 3 раза дешевле алматинских'. Сколько должна стоить однушка?,"18 сентября 2019, 15:01",35,3620
Марафоны в столице бегали и раньше. Архив Нур-Султана показал снимки старого города,"18 сентября 2019, 08:34",11,3672
"Спросите Егорыча. Рядом с Нур-Султаном живет человек, который умеет все","17 сентября 2019, 11:40",11,11259
Настоящий казах всегда рад гостю и не отпустит чужое дитя из своего дома без подарка,"16 сентября 2019, 13:36",7,7776
История казахстанского плавания и ее автор Виктор Абоимов,"16 сентября 2019, 09:42",2,3064
"За и против уборки в школе. Что думают сами японцы и казахстанцы, живущие в Токио?","13 сентября 2019, 14:24",74,4725
Ведущая отрасль экономики. Форум машиностроителей прошел в Нур-Султане,"13 сентября 2019, 14:21",4,5705
"Кино на реальных событиях. Интервью с 'другом' Нурсултана Назарбаева, который возглавил 'Казахфильм'","13 сентября 2019, 10:22",11,12681
Открываем закон и задаемся вопросом: а действительно ли мы все это имели в виду?,"12 сентября 2019, 17:48",4,1773
Интернет-конференция с главой Фонда медицинского страхования,"12 сентября 2019, 12:34",34,1250
Здесь можно кино снимать. На востоке Казахстана есть гостиница из прошлого,"12 сентября 2019, 10:42",32,1775
Клоун Вячеслав Полунин: 'Через меня люди общаются с Асисяем',"11 сентября 2019, 08:38",5,12323
Huawei на IFA 2019: еще немного про 5G и наше с вами будущее,"10 сентября 2019, 18:50",4,5812
Как пить воду. Советы Казахской академии питания,"09 сентября 2019, 15:00",14,5454
"Мы наблюдаем деградацию нации - знаковыми людьми культуры стали Есентаева, Нуртас и другие","09 сентября 2019, 12:19",80,16276
"'Села на попутку и исчезла...' Что делать, если у вас пропал близкий человек?","09 сентября 2019, 08:23",,12913
Председатель правления 'Даму' о новых условиях для развития бизнеса,"07 сентября 2019, 09:00",12,14655
Любопытная переписка акмолинских полицейских 100-летней давности,"06 сентября 2019, 10:26",15,3506
"Как понять, что вашего ребенка травят в школе? Или он сам - агрессор...","06 сентября 2019, 08:24",7,4041
Необычный способ поздравления выбрал житель города,"05 сентября 2019, 16:48",4,2834
"Количество умных людей резко сократилось. Олжас Сулейменов рассказал, что нужно делать","04 сентября 2019, 20:35",58,5208
"Родственники для казаха – и радость, и беда. И позор, и гордость","04 сентября 2019, 15:50",8,8200
С какими просьбами лучше не подходить к министру и где учится его сын. Интервью с главой МОН,"04 сентября 2019, 10:01",23,18930
"'Я проработала в школе 10 лет, 9 из них - с удовольствием'. История нетипичного учителя","04 сентября 2019, 08:15",3,9239
"Серьезные блогеры, министр с улыбкой и наше здоровье","03 сентября 2019, 15:04",1,3672
'Это не для фейсбук-аудитории'. В чем необычность послания Токаева,"02 сентября 2019, 20:04",18,8393
Каждой семье - свой доктор,"30 августа 2019, 10:07",5,9256
"Подхалимство и лесть - один из атрибутов власти, мы это видим ежечасно","29 августа 2019, 12:25",17,4567
'Министр не должен быть вечным'. Арыстанбек Мухамедиулы о мечте и врагах,"28 августа 2019, 08:33",43,12157
На құдалык на частном самолете - как казахи соблюдают традиции в наши дни,"27 августа 2019, 14:08",7,8085
'Пора вернуть название Алма-Ата?' Ермухамет Ертысбаев возвращается в Казахстан,"27 августа 2019, 08:21",89,14661
Своим дочерям не желаю быть многодетными. Мать 11 детей о жизни в Нур-Султане,"26 августа 2019, 19:45",63,7454
"Как выглядит ЖК, который снесут в центре Нур-Султана","22 августа 2019, 18:41",28,3608
Динмухамед Кунаев. Как все начиналось. ,"22 августа 2019, 16:53",23,11157
Вы когда-нибудь заказывали еду на языке жестов? В Нур-Султане работает необычное кафе,"22 августа 2019, 08:27",10,8547
"Ядерные члены партии, которые не сидят дома. Назарбаев перезагрузил Nur Otan","21 августа 2019, 22:34",,6055
Что стоит за изменениями во фракции Nur Otan?,"21 августа 2019, 12:27",3,1978
'Я стал скромнее в желаньях'. Сергей Погосян о жизни после 'ТВ-Бинго' и работе в Москве,"21 августа 2019, 08:15",21,13008
"Во всем виноваты соцсети, там все пытаются казаться, а не быть","20 августа 2019, 18:26",13,2861
Почему гибнут деревья Нур-Султана,"20 августа 2019, 08:24",55,4463
"Әже у казахов была генеральшей, и в этом я усматриваю великую справедливость","19 августа 2019, 14:37",4,8299
"Звонок - для учителя, и суббота тоже. Для казахстанских педагогов наступили хорошие времена","16 августа 2019, 19:59",28,5923
'Я не чей-то человек' - бывший замакима Шымкента о зарплате и видео из Лондона,"16 августа 2019, 17:00",114,5830
Придумайте подпись к фото. На сайте Елбасы появился любопытный архив,"16 августа 2019, 08:58",19,1893
Отец насиловал дочь несколько лет. Казахстанка прервала долгое молчание,"16 августа 2019, 08:23",64,10307
"Таинственный меценат из Нур-Султана купил квартиру семье, живущей на автомойке","14 августа 2019, 18:33",188,4233
'Куда без очереди?!' – 'Мне только спросить!' Прием в типичной поликлинике,"14 августа 2019, 13:27",11,4891
Сколько госслужащих в Казахстане и какая у них зарплата,"14 августа 2019, 08:32",49,2149
Рассекреченные материалы. Как министерство правды следило за Казахстаном,"12 августа 2019, 19:47",20,6121
"Казахская келин скромна, робка и стыдлива. Нельзя было показывать свой истинный характер","12 августа 2019, 14:01",12,7548
"Взрослые думали, я притворяюсь. Каково это - пережить инсульт в 14 лет","12 августа 2019, 08:15",30,9118
Я не согласен с Тарантино. О чем надо знать перед походом на 'Однажды в... Голливуде',"09 августа 2019, 18:24",10,4469
Владельцы обменников рассказали о своем заработке и о новых требованиях Нацбанка,"09 августа 2019, 16:49",37,9190
За границей принцип 'нет денег - нет медицины'. Как обезопасить себя в отпуске,"08 августа 2019, 13:15",3,5342
"Скрипачка Лана: 'Знавшие меня раньше не поверят, как я живу сегодня'","08 августа 2019, 08:08",,13693
"С одной стороны поют, с другой - майнят. Как выжить в казахстанском офисе","07 августа 2019, 10:03",6,5000
"'Если увидишь, что жена твоя плачет без причины, обязательно врежь ей'","06 августа 2019, 10:58",16,8828
"'В Казахстане я был русский, а здесь нерусский'. Как в Москве живется художнику с псевдонимом Шеге","05 августа 2019, 11:29",26,13763
В Казахстане скоро запустят 5G. Что она из себя представляет?,"02 августа 2019, 18:38",37,4307
'Сама виновата' и 'она была в короткой юбке'. Что не так с этой логикой?,"02 августа 2019, 08:18",88,7280
Семеро изнасиловали девушку на дне рождения. Громкие истории жертв в Казахстане,"01 августа 2019, 18:29",45,3532
"Вот уже три года, как нет с нами Салидат Каирбековой ","01 августа 2019, 13:32",7,2149
"Международный инвестиционный арбитраж, или Инвестор против Государства","01 августа 2019, 12:22",3,18513
Что нужно знать о медицинском страховании в Казахстане,"31 июля 2019, 19:00",2,8391
Нур-Султан вырос на помидорах и капусте. Столицу Казахстана построили посреди огромного огорода?,"31 июля 2019, 14:01",16,6546
Блогеры захватят мир? И еще 7 вопросов про будущее,"30 июля 2019, 08:17",5,2790
Мысли об акиме Шымкента и генерале-матерщиннике,"29 июля 2019, 12:34",37,9201
Где в Казахстане больше женихов и невест. Инфографика,"29 июля 2019, 08:23",18,2420
Теория 6 рукопожатий работает! Как вся Чечня искала кумира казахстанского мальчика,"26 июля 2019, 19:20",20,5022
"Брэд Питт мой ровесник, Джонни Депп тоже. И это ужасно","26 июля 2019, 10:37",25,3473
 Зачем Казахстану сирийские переговоры и почему проводилась операция 'Жусан',"25 июля 2019, 11:07",5,23616
Почему браконьеры в Казахстане чувствуют себя безнаказанными?,"25 июля 2019, 10:05",23,5373
'Это словно сходить на тот свет и вернуться'. Весь Казахстан ей говорит: живи,"24 июля 2019, 19:44",21,5594
Он отстреливался из люка своего джипа. Браконьерские разборки в Казахстане,"24 июля 2019, 10:25",18,5984
'Я путешествую 4 раза в год'. Что выбрать - новый телевизор или новые впечатления?,"23 июля 2019, 08:05",29,4038
"Скрежет металла, зловоние и страх. Жизнь в этом районе Нур-Султана напоминает ад","22 июля 2019, 19:39",15,6925
"Кадыр Эпизодович, Танк Партизан-ұлы... О любви казахов к странным именам","22 июля 2019, 14:58",17,8239
"'Ночью плачу, а утром улыбаюсь'. Как мама вытаскивает дочь из аутизма","22 июля 2019, 13:34",13,6839
"Одинокий лебедь, который любит внимание людей. Тайная жизнь птиц Нур-Султана","19 июля 2019, 19:41",9,5156
Интернет-конференция с Елжаном Биртановым о медицинском страховании,"19 июля 2019, 10:45",68,818
От Тасмагамбетова до Кульгинова. Как 5 акимов пытались решить вопрос с LRT,"19 июля 2019, 10:33",41,4000
" В 8 утра приходил на работу, в 18.00 уходил домой. Ему этого было достаточно","18 июля 2019, 15:55",27,3463
Тамада и лидер 'Океана Эльзы': кто хочет стать депутатом Рады в Украине,"18 июля 2019, 15:46",1,7918
Нам по комнате выделили. Как вице-министр и Шукеев живут в Арыси,"18 июля 2019, 09:28",17,13022
"Какие нужны объяснения, если человек хочет учиться? Истории студентов старше 50","18 июля 2019, 08:22",6,9154
Как разнообразен и прекрасен Казахстан,"17 июля 2019, 17:02",2,2223
"Казахстанцу, спасшему 48 человек из горящего автобуса, подарили квартиру","17 июля 2019, 08:17",78,4963
"Бабушка из города Арысь. История, которая случилась до ЧП","16 июля 2019, 15:56",8,5134
Как сделать здравоохранение в Казахстане и жизнь людей лучше?,"16 июля 2019, 15:32",3,8777
Убытки в 600 миллионов долларов. Насколько завысили стоимость 'Астана LRT'?,"16 июля 2019, 13:41",70,1713
Казахстан может стать криптодержавой?,"16 июля 2019, 10:04",19,10086
Как казахи придумывали имя,"15 июля 2019, 15:31",7,11321
Они все еще живут на автомойке. Отец двоих детей из Нур-Султана продолжает погоню за счастьем,"15 июля 2019, 15:11",40,2959
Сколько национальных компаний в Казахстане. Инфографика,"15 июля 2019, 08:32",,260
О правильных родах. Где и как рожать,"13 июля 2019, 15:03",4,6881
Цифровые двойники и доступ к зрению другого человека. Футуролог о технологиях будущего,"12 июля 2019, 08:15",8,4953
Как не попасть к врачу-аферисту,"11 июля 2019, 18:09",6,4498
Город засыпает... Просыпаются охотники за комарами,"11 июля 2019, 09:24",25,4645
Пошла на преступление ради детей? О суде и о 'тюрьме глазами вице-министра',"10 июля 2019, 19:51",16,4201
"'Если бы в Казахстане пахал, как здесь, добился бы многого'. История казаха из Нью-Йорка","10 июля 2019, 13:06",57,7794
Его любимая умерла... Он написал о ней книгу,"10 июля 2019, 08:05",15,5122
Бүгінгі Нұр-Сұлтан қаласы кеңестік жүйеге дейін қалай дамыды?,"08 июля 2019, 11:13",1,21884
"Хэппи-энд в Нур-Султане. Они боялись, что останутся на улице, но внезапно им построили дом","07 июля 2019, 15:00",25,3353
Как казахи обманывали злых духов,"06 июля 2019, 13:32",7,7185
"Их бросили любимые, отвернулись родные, но они не отказались от материнства","05 июля 2019, 08:23",42,8593
Как простой учитель математики из Казахстана вошел в книгу рекордов Гиннесса,"04 июля 2019, 08:20",37,4978
"Президент там, Президент тут. Премьер как прораб, целыми днями по стройкам - как строилась Астана","03 июля 2019, 10:48",10,6133
Взрывы в Арыси: Как были устроены склады и кто должен ответить за застройку в запретной зоне,"02 июля 2019, 12:47",18,6682
15 лет назад он прославился на всю страну. Как живет первый обладатель наивысших баллов на ЕНТ,"01 июля 2019, 13:19",25,4629
Как казахи торговали детьми,"01 июля 2019, 11:20",4,8397
"'Осторожно, снайпер'. Самые горячие точки мира глазами казахстанского журналиста","28 июня 2019, 16:44",5,10280
"Если северные казахи дружат или любят, то на всю жизнь. О наших региональных особенностях","28 июня 2019, 11:53",30,7318
"А вы умеете быть добрыми каждый день? Врач, который лечит ожоги тела и души","28 июня 2019, 10:14",,11456
 'За два часа до сюрприза девочки не стало'. Как казахстанцы исполняют мечты онкобольных детей,"27 июня 2019, 08:34",14,4885
10 пунктов о списании долгов по кредитам,"26 июня 2019, 21:25",8,771
"​'Удачно родиться, удачно сродниться, удачно жениться'","26 июня 2019, 10:33",3,2524
Что не показал HBO. Репортаж из чернобыльской зоны,"26 июня 2019, 09:41",17,12712
"Взрывы в Арыси. 'Люди здесь живут, работают, кормятся и не хотят уезжать'","24 июня 2019, 19:14",4,4550
Мы обязались помогать казахстанскому футболу и свое обещание выполняем - Ивица Пирич,"24 июня 2019, 13:00",3,4831
На заре голоса зовут меня. Как в казахстанской деревне президента избирали,"24 июня 2019, 09:53",3,4525
'Для меня она герой'. Трогательное письмо мужа о жене,"24 июня 2019, 08:38",27,4967
Старайтесь не умереть в выходные или праздничные!,"23 июня 2019, 10:51",13,4286
'Чабан или табунщик?' Как казахи заботились о малыше,"21 июня 2019, 15:11",4,8266
Жители на окраине столицы отказались от КСК и превратили свой старый район в сказку,"21 июня 2019, 12:01",33,6895
5 способов помочь ребенку выбрать профессию,"20 июня 2019, 08:11",1,4311
'К горничным не буду приставать'. Как казахстанские чиновники комментировали свои назначения,"19 июня 2019, 11:06",12,2620
'Вы очень терпеливый народ'. Почему плачет посол Израиля в Казахстане,"18 июня 2019, 12:27",20,9719
"Как жить дальше, если ты провалил ЕНТ","18 июня 2019, 11:32",13,3660
"Они получили вторую жизнь благодаря тем, кого уже нет","18 июня 2019, 09:53",6,8123
Обзор рынков: инвесторы все еще в ожиданиях,"17 июня 2019, 18:20",2,11122
​В каждой семье есть свой алкоголик,"17 июня 2019, 11:28",15,5690
Завтрак с родителями Зеленского. Казашка побывала в доме украинского Президента,"17 июня 2019, 08:22",43,12408
Лучший врач Казахстана: 146 человек в павлодарском регионе предотвратили рак благодаря скринингу,"14 июня 2019, 17:15",,8246
"Печальная история о том, как в Казахстане сначала построили, а потом разрушили райский городок","14 июня 2019, 12:09",39,5131
"'Он ринулся на помощь, а взрослые смотрели'. История школьника, который погиб, спасая детей","14 июня 2019, 10:56",45,4310
"Если женщина рожала все время девочек, муж имел право жениться на другой","13 июня 2019, 15:07",13,9650
"'Что труднее - с одной рукой или ногой?' Кира, которая возвращает желание жить","13 июня 2019, 10:35",3,14044
В этот раз обошлось без мотоциклистов. Особенности инаугурации Токаева,"12 июня 2019, 15:51",3,2644
Обзор рынков: центральные банки снова у руля,"11 июня 2019, 15:07",2,9687
"'Мечтаю петь!'. Как живет школьник, спасший ребенка из канализационного люка в Нур-Султане","11 июня 2019, 08:33",12,3791
Реальная и виртуальная жизнь Касым-Жомарта Токаева,"10 июня 2019, 22:34",6,4585
Я проснулся в 'сонном' селе. Как проходят выборы в самом таинственном казахстанском поселке,"09 июня 2019, 17:25",7,4482
"Было обычное утро в Нур-Султане. Она села в автобус, а теперь у нее нет ноги","07 июня 2019, 19:13",7,3897
Готовы ли мы к кандидату афроамериканцу на выборах?,"07 июня 2019, 13:35",7,3444
Кто будет в избирательных бюллетенях 9 июня и что они обещают,"07 июня 2019, 12:24",33,1335
"'Не будет чемпионом, зато будет человеком'. Как живет казахстанец, спасший 48 человек из горящего автобуса ","07 июня 2019, 08:33",25,5665
Какимжан Казыбаев. Символ духовного единства с народом,"06 июня 2019, 11:48",1,11372
"'Стой, кто идет?' Как вы каждый день нарушаете границы ребенка ","06 июня 2019, 09:15",6,12526
Он несет свою вахту уже 30 лет. Почему 77-летнего казаха так тянет в Питер,"05 июня 2019, 11:24",13,6826
Беременную подвешивали вниз головой. Как рожали казахские женщины,"04 июня 2019, 10:47",11,11073
"'Осторожно, фальшивка'. Как обнаружить поддельную купюру","04 июня 2019, 08:37",6,7125
Обзор рынков: нарастающая напряженность беспокоит инвесторов,"03 июня 2019, 16:35",1,9777
"Знаете, как ставят диагноз грудничкам?","03 июня 2019, 11:16",,5094
Как 10-летний казахстанец вылечился от рака и стал чемпионом мира по джиу-джитсу,"03 июня 2019, 08:55",28,4999
Ваши родители занимались этим каждый день. В Нур-Султане повеяло подростковым духом,"31 мая 2019, 19:26",17,4889
Он был объявлен врагом народа. Памяти моего прадеда и других жертв политических репрессий ,"31 мая 2019, 13:41",4,8933
Мы оставляем стариков одних с их букетом болезней и маленькой пенсией,"31 мая 2019, 13:11",2,5877
"'Пошел вон отсюда! Тоже мне, ворошиловский стрелок!' История одного снайпера","30 мая 2019, 10:04",9,3879
Как девушка из Алматы приобщила к казахской культуре земляков Месси,"30 мая 2019, 08:31",13,7106
Жгли костры и готовили еду. Как казахстанцы в девяностые выживали,"29 мая 2019, 18:41",44,10197
Астанинская декларация по ПМСП: от видения к действию,"29 мая 2019, 10:32",7,10181
"Мне 51 год, у меня нет ног, но я жму такие веса, которые не каждый мужчина осилит","29 мая 2019, 08:17",19,16361
Почему казахи устраивали семь тоев по случаю одной свадьбы,"28 мая 2019, 09:46",4,7563
Как легко выучить казахский язык. Лайфхаки от корейца,"28 мая 2019, 08:32",17,4721
Как выборы в Европе и негативная неделя в США отразятся на рынках - обзор,"27 мая 2019, 14:45",1,8208
Более 500 уголовных дел по фактам пыток в прошлом году… прекратили,"27 мая 2019, 12:43",9,4858
'Мать хотела продать дочь в бордель'. История Анны и ее невидимой работы,"27 мая 2019, 08:43",22,8536
Управдом против бульбулятора. КСКшники из Нур-Султана рассказали о своей боли,"24 мая 2019, 18:17",11,4052
О докторе Google,"24 мая 2019, 12:26",6,3149
Ее SMS дороже сотен поздравлений от безликих людей в Facebook...,"24 мая 2019, 10:55",6,5514
'Я самостоятельно коплю на пенсию'. Как обеспечить себе безбедную старость?,"24 мая 2019, 09:45",40,7091
"Что делать, если вы не фанат Димаша и не смотрели 'Игру престолов'","23 мая 2019, 15:33",,3563
'Пошли в ЗАГС сразу после больницы'. Невероятная история женщины с ДЦП,"23 мая 2019, 08:29",8,8455
"Сбегать вприпрыжку к колодцу, взбить 5 литров сметаны - о буднях казахских келин","22 мая 2019, 15:52",9,7891
Дружба или интриги: как досталась корона 'Мисс Казахстан' Мадине Батык,"22 мая 2019, 15:00",14,6050
"Еще вчера они не знали друг друга, а сегодня это семья","22 мая 2019, 08:36",11,8976
Почему Зеленский ускоряет роспуск Верховной Рады?,"21 мая 2019, 12:19",4,2259
Интернет-конференция с председателем правления 'Казахтелекома',"21 мая 2019, 11:02",60,1765
"'Меня спрашивают, почему я так мало шучу' - восточная красавица из 'Азия Mix'","21 мая 2019, 09:53",20,12135
АЭФ-2019: дотянул или нет форум до мирового уровня?,"20 мая 2019, 19:35",39,2892
"Отношения между США и Китаем стали сложными, торговая напряженность растет - обзор рынков ","20 мая 2019, 18:10",7,6310
Смех в майскую ночь. Удивительная история про алматинский завод и торпеды,"20 мая 2019, 12:11",16,7309
'Проститутки есть и были везде. Что мы вам сделали плохого?' - случай в ООН,"20 мая 2019, 11:01",37,4620
'Создал бота для папы'. Как хобби алматинца помогает тысячам казахстанцев,"20 мая 2019, 08:30",13,5140
Как казахи построили свой космос,"18 мая 2019, 17:31",6,11632
"Пока мы спасали людей, парни стояли и равнодушно снимали все на телефон","17 мая 2019, 09:50",29,5361
Не всем мужчинам нравятся женщины с большим торсом и круглыми ягодицами,"17 мая 2019, 09:32",8,2340
"'Надеюсь, эта трибуна не только для женщин...' В Нур-Султан приехала влиятельная особа","16 мая 2019, 19:19",29,6794
Казахские тои - внутренний чемпионат по демонстрации понтов,"15 мая 2019, 13:31",9,12659
"'Один испугался и убежал, а Эдуард остался...' История о герое, погибшем от рук приговоренных к смерти","15 мая 2019, 11:22",38,7218
'Нас называют бедняцким районом'. Как живут люди на 187-й улице Нур-Султана,"14 мая 2019, 18:17",57,5819
О везении и терпеливой аульной апашке,"14 мая 2019, 14:34",,2127
Не последние герои. Прямо сейчас в Казахстане происходит что-то важное,"13 мая 2019, 13:35",14,1655
Обзор рынков: начало битвы тарифов,"13 мая 2019, 12:24",1,10784
"Мухаметжан Тынышбаев: Жизнь, принадлежащая народу","13 мая 2019, 10:06",3,3055
"300 тысяч тенге за вызов скорой помощи. Неотложка в Китае, Швейцарии и Казахстане","13 мая 2019, 08:23",58,4224
Как казахи решали вопрос с недвижимостью,"10 мая 2019, 17:38",5,8232
'Я должен хранить тайну'. История одного контрразведчика,"10 мая 2019, 12:56",19,7197
Мой дед воевал за Харьков. ​Не умер. Героем не был. Но таких казахов тысячи,"09 мая 2019, 10:13",6,2642
'Бредовая идея превосходства одной расы над другой'. Против чего сражались казахстанцы в ВОВ,"09 мая 2019, 08:30",9,8183
"Доктор, у меня 'там' болит. Почему все стесняются проктолога и когда к нему надо обращаться","08 мая 2019, 14:44",4,13499
Талгат Мусабаев: Мы с Онегиным будто всегда остаемся молоды,"08 мая 2019, 12:09",6,6348
Кто придумал гольф и бросание букета невесты? Как казахи кости метали,"08 мая 2019, 10:35",4,7396
Мы разделились на бедных и богатых. Кто будет защищать нашу страну завтра? ,"07 мая 2019, 11:04",45,5058
'За спойлер - в бан'. Почему для нас так важны фильмы и сериалы?,"06 мая 2019, 08:33",7,5602
"'Россияне специально прилетели во Францию, чтобы услышать нас'. Они познакомили мир с казахской музыкой","04 мая 2019, 16:07",3,4071
Пора к эндокринологу? 12 признаков проблем с щитовидкой,"04 мая 2019, 08:17",17,8436
Сладкие войны Нур-Султана: санитарные врачи vs Happy Cake,"03 мая 2019, 14:55",43,6114
Как казахи невест провожали - Келін түсіру,"03 мая 2019, 10:36",2,10386
"Когда я попал в тюрьму, друзей у меня не стало","03 мая 2019, 08:23",29,7242
" 'Спорим, вы никогда не видели казаха'. Как я встретил Джуда Лоу и Токаева в Нью-Йорке","02 мая 2019, 10:50",,3746
Из сварщика в парикмахеры. Они рискнули и кардинально сменили профессию,"30 апреля 2019, 12:17",18,8037
'Поморгайте и выпейте чаю'. Офтальмолог дал рекомендации детям и офисным работникам,"29 апреля 2019, 10:32",4,12085
"Китайский брат 'Сергека', или Что нужно знать о дорогах на родине Джеки Чана","27 апреля 2019, 12:00",14,4111
"Благодаря таким, как она, французы живут до 100 лет. Чем занимается казахстанский ученый в Европе","26 апреля 2019, 20:58",23,5818
'А мне плов не понравился'. С такой мыслью я покидала Узбекистан,"26 апреля 2019, 12:54",50,5829
'Как я снималась с Кирой Найтли и работала в лондонском театре' - дочь Марата Бисенгалиева,"26 апреля 2019, 08:22",4,6076
Торегельды Шарманов: Главная задача - забота о здоровье граждан,"25 апреля 2019, 10:24",3,7655
Бырганым Айтимова о Зеленском: 'Он мне должен за небольшой моральный ущерб',"24 апреля 2019, 17:19",41,4251
'Охота послать всех с их жалобами и болезнями' - о врачебном выгорании,"24 апреля 2019, 10:21",23,2602
'Я взяла ипотеку под минимальный процент'. Личный опыт финансового консультанта,"24 апреля 2019, 08:17",21,14459
Самое эмоциональное событие с участием Назарбаева,"23 апреля 2019, 18:48",33,4314
Как казахи провожали невесту - Қыз ұзату,"23 апреля 2019, 11:34",6,10922
"'Я такая беспокойная, лучше его провожу'. Почему родители боятся отпускать детей одних","23 апреля 2019, 08:27",14,8752
Онлайн-кредит алуда неге назар аудару керек - Заңгер кеңестері,"22 апреля 2019, 14:23",3,5162
Как мужчина с протезом ноги научился вести полноценную жизнь,"22 апреля 2019, 10:00",4,5387
"'Знаете, скольких мы вызволили из тюрьмы?' О чем переживают казахстанские дипломаты в Китае","22 апреля 2019, 08:33",17,7937
Она стороной обходит всех неблагополучных людей. История девочки из Нур-Султана,"19 апреля 2019, 17:34",21,6445
Вы давно меняли свой пароль? Как искусственный интеллект стоит на страже ваших финансов,"19 апреля 2019, 09:00",,8818
'2 дня отпуска в год'. Особенности работы в Китае,"19 апреля 2019, 08:27",28,4628
"Piano-piano. Пять полезных вещей, которым я научилась в Италии","18 апреля 2019, 10:49",5,5782
'Полежать мы всегда успеем'. Алексей Цой о санаториях и правильном отпуске,"18 апреля 2019, 09:11",3,9990
"'Не хожу на работу, но зарабатываю'. Как казахстанец получает пассивный доход?","18 апреля 2019, 08:22",17,6527
Марк + Улан  = Маргулан. Как усыновленные казахстанские дети живут во Франции,"17 апреля 2019, 17:34",14,4754
Креативная и открытая нация через осмысление позитивного исторического опыта,"17 апреля 2019, 10:17",1,3704
Новый Узбекистан. Что интересного происходит в соседней стране,"17 апреля 2019, 08:37",43,8272
"'Знакомые сказали, приезжай в Астану, у нас вагончик есть'. Дворники Нур-Султана","16 апреля 2019, 18:47",48,7844
'Разведенный мужчина' и 'брошенка'. 8 предрассудков о разводе,"16 апреля 2019, 12:43",14,9031
"Нефть поднялась выше 70 долларов, Pinterest выпускает акции - обзор рынков","15 апреля 2019, 17:04",4,10003
Игры Зеленского и Порошенко: Обстановка в Украине глазами казахского журналиста,"15 апреля 2019, 14:30",22,11911
"Пашешь сутками, а получаешь все ту же маленькую зарплату","12 апреля 2019, 17:43",26,6454
"'Скажите казахстанской молодежи, чтобы не идеализировали Запад'. Разговор с жителем Парижа","12 апреля 2019, 16:54",58,6406
Боюсь равнодушных алматинцев,"11 апреля 2019, 12:15",9,2823
Что за человек президент? Психологический портрет,"11 апреля 2019, 08:21",14,5226
'Я был здесь вторым казахом после Мустафы Шокая'. В 70-х он приехал во Францию и остался там жить,"10 апреля 2019, 18:32",22,4744
В прошлой жизни я была казашкой - дизайнер Ирина Набоко,"10 апреля 2019, 11:05",10,8774
'В ауле меня называют чудаком'. Как фермер пасет овец через смартфон,"10 апреля 2019, 08:35",,7095
Четыре года назад президентом Казахстана хотели стать сразу 27 человек,"09 апреля 2019, 19:15",27,4621
Как казахи сватались,"09 апреля 2019, 18:54",3,18637
'Лучше один раз шокировать мужа...' Как обращаться с деньгами в семье,"09 апреля 2019, 08:41",13,10194
Откровения врача скорой помощи,"08 апреля 2019, 13:29",33,14750
'В жизни возможно все!' Парень из Костаная создает электрокары в США,"08 апреля 2019, 08:31",29,9453
Казахстанский алхимик. Как алматинец нашел свой философский камень,"05 апреля 2019, 13:22",10,4485
"'Жена пилит, а дети огрызаются'. Мужчина, который устал","05 апреля 2019, 12:03",32,5532
"Казах, который родился в Париже. И он такой не один","04 апреля 2019, 18:24",44,4677
Как казахи суженых искали,"04 апреля 2019, 16:45",6,14182
Мечтаете о своем доме? Как начать строительство и не наделать ошибок,"04 апреля 2019, 11:34",14,2878
"'У меня ничего не получится, потому что я из аула'. Неправда!","04 апреля 2019, 08:27",15,6183
"Думала, что простой девочке из Казахстана нереально приехать в Москву и выиграть","03 апреля 2019, 15:02",3,9797
Почему в поликлиниках очереди?,"03 апреля 2019, 12:18",8,5413
Сколько Казахстан тратит на болашакеров и действительно ли они ценные работники,"02 апреля 2019, 14:28",38,10873
Онлайн - признак бедности?,"02 апреля 2019, 12:52",4,2020
"'Прощай, мой папочка!' Психолог вела дневник, рассказывая о проживании горя","02 апреля 2019, 08:47",11,12935
Счастливый отец-одиночка. Как изменилась жизнь Рысмахана и его дочери Инжу,"01 апреля 2019, 11:23",,4932
Как казахи на свидания ходили,"01 апреля 2019, 10:02",9,9466
Kaspi.kz – сделано в Казахстане с любовью!,"01 апреля 2019, 10:00",77,6476
'Город как квартира'. Каким видит Алматы его главный архитектор,"01 апреля 2019, 08:51",27,12227
По ком плачет Триумфальная арка. История про воду и 600 миллионов тенге,"29 марта 2019, 19:42",53,4271
О врачебных шутках,"29 марта 2019, 17:24",3,1751
Две катастрофы в одном месте. Как вертолеты Ми-8 рухнули с разницей в 11 лет под Кызылордой,"28 марта 2019, 18:16",12,3672
Город N. Добро пожаловать в Нур-Султан,"28 марта 2019, 13:57",3,5007
Как казахи воспитывали девочек,"27 марта 2019, 11:05",9,15787
Как безопасно и быстро похудеть к лету,"27 марта 2019, 10:00",2,4736
Финская материнская коробка. Как выглядят аналоги в России и Казахстане,"27 марта 2019, 08:34",34,5691
"Мать и сын. История, которая началась и закончилась в Астане","26 марта 2019, 18:00",27,9754
"Сначала десерт, потом бешбармак? Как снизить вред от национальных блюд","26 марта 2019, 12:52",2,8920
Улица Токаева. Аул детства нового Президента,"23 марта 2019, 17:07",15,2604
Как я летал на одном самолете с Первым Президентом и что меня больше всего удивило,"23 марта 2019, 15:06",10,3618
Кто ходит в гости по утрам?,"23 марта 2019, 14:33",6,3462
Какой же Наурыз без фишбармака. Нельзя приехать в Атырау и не попробовать это,"22 марта 2019, 17:11",11,1679
Где и что едят в Казахстане? Продуктовая инфографика,"22 марта 2019, 10:00",,1364
"'Мы ждали иностранцев, а не местных жителей'. Экскурсии по Алматы","21 марта 2019, 09:47",7,8084
Почему я переехала в Астану,"20 марта 2019, 19:52",7,4866
Президент Назарбаев. Как все начиналось,"20 марта 2019, 18:05",2,2836
Что писали зарубежные СМИ после решения Назарбаева,"20 марта 2019, 14:13",3,557
Каждое движение ребенка - это цена его независимости,"20 марта 2019, 09:00",2,5633
Самая необычная новость за всю историю Казахстана,"19 марта 2019, 22:04",6,2862
"Первый Президент ушел, но остается","19 марта 2019, 21:51",1,963
"Спасибо, Михалыч!","18 марта 2019, 17:58",10,4395
Не хочу становиться начальником. Но хочу развития и роста зарплаты,"18 марта 2019, 07:47",12,5880
Как казахи выбирали себе пару,"17 марта 2019, 13:55",10,12358
"'Тебя на счетчик поставили?' Отец не верил, что можно добровольно проиграть такие суммы","15 марта 2019, 15:23",38,11398
Почему даже весной бывает депрессия и как ее избежать,"15 марта 2019, 10:00",5,6803
"'Соседи, одолжите авто на неделю'. Цитаты и истории из WhatsApp-чатов Астаны","15 марта 2019, 08:47",10,5259
Казахстанский 'Дурак'. История с общежитием в Астане напоминает сюжет фильма,"14 марта 2019, 14:50",5,3098
Вы уже думаете о пенсии? Задайте самому себе эти 6 вопросов,"14 марта 2019, 08:05",20,6150
"Советы для тех, кому небезразлична наша планета","13 марта 2019, 08:46",5,10828
"Дом с ненормальными условиями. Аким района Астаны о том, кто виноват и что делать","12 марта 2019, 15:01",24,5506
5 мифов от чиновников об изменении назначения земельного участка,"12 марта 2019, 12:14",5,8190
'Я был кайфушей. Хотя почему был?' История игромана и наркомана,"12 марта 2019, 08:34",,7612
Что осталось после людей? Как в Астане исчез целый район,"11 марта 2019, 15:36",22,3080
"Обзор рынков: Китай, США и важная неделя для Brexit","11 марта 2019, 12:23",1,11363
Сверху полетели кирпичи. Дом в центре Астаны буквально трещит по швам,"09 марта 2019, 22:24",54,2718
"'Мы не мужланки, но не такие, как все' - казахстанки в мужских видах спорта","09 марта 2019, 15:35",11,10818
Как казахи невест воровали,"08 марта 2019, 11:40",17,22766
И пришли в Акорду женщины. Такое в Казахстане бывает только раз в году,"07 марта 2019, 19:10",17,3240
Алматинцы оккупировали детские площадки. Рубрика 'Мой руль - мои правила',"07 марта 2019, 12:15",13,2688
"Крик души, или Честный рассказ про то, куда женщины тратят деньги","07 марта 2019, 09:42",14,3256
Как Жансеит Туймебаев попал в общество счастливых матерей и их детей,"06 марта 2019, 17:47",3,5904
'Принеси обед коллеге'. Как правильно питаться в офисе ,"06 марта 2019, 08:40",1,5097
КВН по-казахстански. Как веселые и находчивые с помощью шуток помогли нуждающимся мамам,"05 марта 2019, 18:13",7,7730
Самое удивительное на свете. Кто ответит за смерть вокалиста The Prodigy?,"05 марта 2019, 13:46",1,2923
'Все над нами смеялись'. Как алматинцы открыли единственную кофейню в Алтае,"05 марта 2019, 08:33",48,7676
Новый формат Наурыза предлагает министр Мухамедиулы,"04 марта 2019, 18:28",39,10688
"История про астанинскую семью, в которой родился уже 11 ребенок","04 марта 2019, 18:04",53,6598
Рассказ министерского пиджака,"04 марта 2019, 12:05",8,5019
Обзор рынков: какое влияние окажут заседание в Пекине и решение Банка Англии,"04 марта 2019, 11:45",2,10249
"'Сын, ты уже взрослый...' Что говорить детям о сексе?","04 марта 2019, 08:30",15,15291
Бомжи называют ее мамой. История о человеческом милосердии,"03 марта 2019, 09:05",,4303
Кухня на балконе и туалет над соседской спальней. Дадут узаконить?,"01 марта 2019, 08:32",25,4523
"Мама меня секла в детстве, если я не чистил печку - бывший глава МЧС о том, как избежать трагедий","28 февраля 2019, 13:52",16,5033
Как врачам удается не болеть? Терапевт делится лайфхаками,"28 февраля 2019, 08:43",5,20512
Другой 'Нур Отан'. Такой партии мы еще не видели,"27 февраля 2019, 23:05",44,5583
"Тосты, подарки, кони, машины. О звездной болезни руководителей","27 февраля 2019, 11:53",17,2818
Как укрепить иммунитет перед весной,"27 февраля 2019, 10:00",2,6041
Досаев за рулем Нацбанка. Какое 'наследство' оставил Акишев,"27 февраля 2019, 08:31",9,7803
Аким СКО: Хожу пешком на работу и общаюсь с людьми. Эдакая приемная на дороге,"26 февраля 2019, 16:59",13,17720
Новое правительство Казахстана: Кто есть кто?,"26 февраля 2019, 15:33",13,705
"И Даленов - такой молодой, и зрелый Мамин впереди. Первые впечатления от нового правительства","26 февраля 2019, 11:38",15,2814
Как обжаловать протокольное решение земельной комиссии - ответы эксперта,"26 февраля 2019, 09:35",1,10278
Как на рынках скажутся голосование по Brexit и второй саммит с Северной Кореей,"25 февраля 2019, 15:59",1,8529
Любитель хоккея и коренной астанчанин. Что известно о новом премьере Казахстана,"25 февраля 2019, 14:44",14,4088
"Думал, будет у меня дорогая машина и большой дом, буду счастлив. Оказывается, нет","25 февраля 2019, 09:34",21,12219
'Люди ждут сочувствия и человечности'. Какие задачи стоят перед новым правительством,"22 февраля 2019, 19:49",59,4981
Кресло премьера сейчас выглядит менее предпочтительным этапом для карьеры политиков,"22 февраля 2019, 14:42",7,5803
"За час до отставки правительства. Левый берег молчал, но кое-что там все-таки происходило","22 февраля 2019, 11:07",7,5699
'Качество краткосрочного обучения в Казахстане - на высоком уровне' - Никос Манолопулос,"22 февраля 2019, 09:00",2,5987
'20 тысяч - это достаточно?' Сколько на самом деле казахстанские родители тратят на ребенка,"21 февраля 2019, 08:40",72,1787
Отец-одиночка из Астаны: 'Мне говорили: сдай дочку в дом малютки',"20 февраля 2019, 16:51",,4435
Чем опасно самолечение,"20 февраля 2019, 10:41",9,4284
"Что-то хорошее. Что будет, если сократить негатив в казахстанских СМИ","19 февраля 2019, 14:42",14,5873
"Сказать больному в лицо, сколько ему осталось жить, правильно или нет?","19 февраля 2019, 12:20",10,2449
"Проблемы '40-летних детей'. Психотерапевт о потере работы, разводах и Лабковском","19 февраля 2019, 08:40",5,17085
Обзор рынков: Торговые переговоры или США против всех? ,"18 февраля 2019, 14:05",4,7722
"'Не рассказывайте мумии, что казахи были светловолосыми'. Глупые вопросы археологу","18 февраля 2019, 12:46",21,7035
"'Мы горбатимся, а кому-то дают жилье в Астане бесплатно'. Есть такое мнение","18 февраля 2019, 11:12",65,4712
"Беспощадный материнский гнев. Их успокаивали: 'Сабыр, сабыр'","15 февраля 2019, 20:18",143,4728
"'Нельзя, не зная, осуждать'. Многодетные матери за чертой бедности","15 февраля 2019, 14:14",42,5883
"'Буквально за день мать постарела'. История казахстанца, тайком ушедшего на войну","15 февраля 2019, 08:40",21,8910
Переведите на эту карту. Как казахстанцы вдруг стали жить без налички,"14 февраля 2019, 18:23",32,6682
Какие пособия платят многодетным в Казахстане и мире,"14 февраля 2019, 12:47",14,13119
Асхат Оралов: Год молодежи - год новых возможностей,"14 февраля 2019, 10:32",4,6172
Откровения частного детектива,"13 февраля 2019, 11:15",16,6543
"Казахстанцы за рубежом рассказали, что на родине спорт доступнее","13 февраля 2019, 10:30",5,6798
'Касымов получил важнейшее преимущество'. Что означают перестановки в МВД?,"12 февраля 2019, 19:24",3,3231
'Для врагов он был сродни черному дьяволу'. Памяти Кара майора,"12 февраля 2019, 15:09",33,14177
"5 школьников, которые стремятся сделать мир лучше с помощью науки","12 февраля 2019, 10:57",1,7195
'Убийца!' У казахстанцев появился враг,"11 февраля 2019, 17:55",28,5940
Обзор рынков: США и Китай снова в центре внимания,"11 февраля 2019, 12:18",,6812
Музыка улиц. Старая школа казахстанского рэпа. Спецпроект TheЭфир,"10 февраля 2019, 13:00",14,2476
"Рассказ проводницы. История о смелом пассажире, который заступился за Айжан","08 февраля 2019, 16:00",46,6313
"В Астане мороз, а как там семья, которая жила в неотапливаемом вагончике?","07 февраля 2019, 19:17",67,5382
"Как алматинцам выжить в городе, задыхающемся от смога","07 февраля 2019, 08:45",32,13250
Интернет-конференция с главой Комитета госдоходов РК,"06 февраля 2019, 16:45",214,633
Как избежать переохлаждения в морозы - советы от Минздрава,"06 февраля 2019, 13:22",1,4979
Почему россиянки запустили канал 'Москва қазақша' и что они хотят сказать Скриптониту,"06 февраля 2019, 10:06",25,1744
Домик за 7 миллионов долларов. Особенности поиска жилья в Швейцарии,"05 февраля 2019, 12:44",3,2714
О любителях парковаться на тротуаре. Рубрика 'Мой руль - мои правила',"05 февраля 2019, 10:27",13,3227
Как зарождался Алматы. 165 лет со дня основания Верного,"04 февраля 2019, 17:09",41,7847
"ФРС способствовала росту рынков, и цены на нефть обновили свой максимум с начала года","04 февраля 2019, 12:23",4,7981
Нет охраны и дороги для меня не перекрывают - аким Алматинской области,"04 февраля 2019, 07:40",49,18501
Квартира за миллион? Ищем варианты дешевого жилья,"01 февраля 2019, 12:02",3,11346
Два стакана чая. Как получить удовольствие от поездки в казахстанском поезде,"30 января 2019, 14:47",21,5831
'Перейдем на 'ты'?' Где граница между 'ты' и 'вы',"30 января 2019, 08:45",14,4604
Почему наша страна получила название 'Казахстан',"29 января 2019, 08:47",69,6398
'Основной критерий Года молодежи - поднять на новый уровень молодежную политику',"28 января 2019, 19:30",7,4848
